Ophelia,Edwards,36023
Meir,Alvarez,45197
Aubrielle,Dominguez,25028
Brynleigh,Barron,17075
Jovie,Booth,14008
August,Sharp,44233
Zyon,Campos,34881
Sydney,Whitaker,17472
Zeke,Farley,19531
Roy,Monroe,55105
Hazel,Suarez,10252
Richard,Rivera,14633
Van,Ahmed,16911
Moses,Russo,53613
Randy,Skinner,46416
Timothy,Jackson,13663
Zainab,Schmidt,51580
Daisy,Torres,45925
Finley,Warren,26541
Alan,Friedman,51910
Anahi,Livingston,39576
Paul,Marsh,55273
Roger,Cortez,20661
Cassandra,Burnett,20716
Joanna,Hanna,35878
Annabelle,Gross,26326
Kayleigh,King,35421
Leila,Duncan,15119
Titan,Larson,26566
Lux,Hines,57030
Yamileth,Oconnor,39952
Fernanda,Mueller,14819
Kayla,Meadows,46712
Ariel,Perez,22213
Zaire,Osborne,42841
Everleigh,Lloyd,34195
Eliel,Brandt,55582
Asher,Powell,15751
Hugh,Woodard,30071
Kyree,Gilbert,48976
Maisy,Francis,24344
Maxwell,Foley,53150
Judson,Price,17573
Mohammad,Howell,38561
Aubrielle,Copeland,56211
Mara,Ochoa,33551
Blaire,Dalton,20828
Alia,Garcia,41579
Garrett,Phan,27380
Jianna,Vang,24150
Madilynn,Parra,46185
Alice,Johnson,59458
Ernesto,Sosa,59442
Tiana,Rosas,25307
Nicole,Glover,27823
Jayceon,Blanchard,45708
Laura,Esparza,35432
Giuliana,Parks,11741
Madelynn,Shepherd,49772
Joelle,Banks,58989
Amir,Brooks,23932
Eithan,Marsh,52162
Reyna,Dejesus,10104
Kaisen,Kline,42158
Everest,Mendoza,11223
Araya,Wyatt,31993
Pedro,Bullock,22733
Faith,Delacruz,16086
Roman,Maynard,53881
Rory,Golden,53857
Lyra,Yu,26893
Baylee,Hendrix,26807
Cruz,Schultz,59571
Leia,West,54048
Emilia,Novak,11811
Roger,Pitts,26192
Rosalina,Leonard,14482
Elia,Stanley,56328
Valentina,Humphrey,47898
Jackson,Andersen,28368
Joanna,Wilkerson,47983
Fernanda,Leal,13274
Jordyn,Sherman,36516
Jairo,Baldwin,40474
Cassandra,Silva,19824
Yehuda,Harvey,39964
Alianna,Church,48338
Chaya,Gross,47884
Kayleigh,Duarte,25482
Arlet,Wallace,52831
Paris,Hancock,17726
Leonardo,Mack,39720
Kingsley,Chapman,18273
Ricardo,Mcintyre,10390
Zayden,Hendricks,32920
Keyla,Richard,35369
Conor,Griffin,51232
Luna,Arroyo,55550
Beatrice,Malone,43386
Angelo,Middleton,12046
