Jayleen,Mann,45856966
Dallas,Blackburn,11053702
Onyx,Reyna,14501186
Charlee,Dominguez,54340164
Harlem,Velazquez,62364911
Griffin,Dillon,84018132
Sevyn,Friedman,51568395
Mia,Davila,49885502
Nyra,Quintana,73685478
Jeremias,Hendrix,40600008
Kenneth,Roach,36422912
Aylin,Lewis,19477597
Caiden,Rowe,63429323
Watson,Riley,90868297
Halo,Welch,96293822
Jakai,Roman,25205439
Matthew,Valentine,14124711
Judson,Brewer,18302199
Elise,Santiago,90400720
Saanvi,Armstrong,64211191
Bailee,Fisher,76663038
Khaza,Carlson,85507530
Kamari,Wolf,78195798
Milani,Bowen,28191227
Theo,Dougherty,15717050
Tiffany,Mclean,98483871
Brylee,Caldwell,76310907
Alana,Brooks,96847213
Jamie,Frederick,24347536
Kyler,Blevins,55819025
Shepard,Luna,79805655
Gordon,Jacobson,91261589
Kenzie,Cook,82178267
Eliam,Hale,69978998
Adler,Mueller,90023878
Kolson,Long,25781810
Katherine,Vargas,14024103
Camryn,Holt,71021262
Sawyer,Benton,54621227
Makenzie,Obrien,62613024
Dahlia,Mitchell,31927125
Rocco,Knight,81563641
Myra,Nixon,85189901
Pedro,Myers,15051607
Eduardo,Herman,21020211
Nasir,Holloway,14668125
Lyla,Jones,84353817
Cynthia,Combs,58964461
Mason,Meyer,20685578
Ariella,Wiggins,53148924
Noelle,Fernandez,93781244
Kayce,Morales,46524702
Caspian,Frank,61597193
Otto,Hutchinson,63309869
Josie,Elliott,15801030
Heidi,Hart,21178590
Jackson,Harper,66060812
Issac,Horne,61361554
Aaron,Woodward,40085728
Kylan,Delgado,82263733
Finnegan,Tyler,82664988
Madeline,Padilla,75921867
Desmond,Ferguson,40074317
Brooklynn,Mcdowell,58545263
Felix,Lester,87918915
Mila,Rosas,93447144
Everlee,Salgado,91372284
Leah,Donovan,29763005
Eliel,Thornton,35664233
Hector,French,12195838
Alistair,Montes,65489089
Aden,Jimenez,65859513
Case,Wyatt,61944377
Hezekiah,Schultz,72748017
Ronald,Krueger,65945476
Cain,Nolan,65547963
Creed,Cantrell,77417456
Halle,Burton,47262420
Lucia,Booker,53701327
Elisabeth,Leblanc,37358433
Aila,Rhodes,59757366
Noe,Ray,41064194
Vincent,Fields,18064715
Titus,Stevens,10573071
Lakelyn,Moses,10917160
Douglas,Craig,52474514
Edwin,Cain,63166795
Cataleya,Maldonado,43405089
Warren,Robertson,47787004
Kalel,Ford,53318224
Lea,Waters,89199788
Karter,Dunn,20528446
Avayah,Shah,17534378
Jimmy,Kent,98423379
Kyrie,Mason,64974694
Luka,Gutierrez,59897621
Alaia,James,66653503
Gabriella,Banks,24762716
Randy,Ashley,95395749
Ridge,Reid,15062010
